name,month,price,priceOrg,percentChange,start,end,order,startDate,endDate,startMonth,endMonth,secondYear,firstYear,fourthYear
William A. Egan 1,m001,3,3,0,"January 3, 1959","December 5, 1966",1,1959-01-03,1966-12-05,1959-01-01,1966-12-01,1961-01-02,1960-01-03,1963-01-02
Wally Hickel 1,m001,2.97,2.97,0,"December 5, 1966","January 29, 1969",2,1966-12-05,1969-01-29,1966-12-01,1969-02-01,1968-12-04,1967-12-05,1970-12-04
Keith Harvey Miller,m001,3.07,3.07,0,"January 29, 1969","December 7, 1970",3,1969-01-29,1970-12-07,1969-02-01,1970-12-01,1971-01-29,1970-01-29,1973-01-28
William A. Egan 2,m001,3.56,3.56,0,"December 7, 1970","December 2, 1974",4,1970-12-07,1974-12-02,1970-12-01,1974-12-01,1972-12-06,1971-12-07,1974-12-06
Jay Hammond,m001,11.16,11.16,0,"December 2, 1974","December 6, 1982",5,1974-12-02,1982-12-06,1974-12-01,1982-12-01,1976-12-01,1975-12-02,1978-12-01
Bill Sheffield,m001,31.72,31.72,0,"December 6, 1982","December 1, 1986",6,1982-12-06,1986-12-01,1982-12-01,1986-12-01,1984-12-05,1983-12-06,1986-12-05
Steve Cowper,m001,16.076,16.076,0,"December 1, 1986","December 3, 1990",7,1986-12-01,1990-12-03,1986-12-01,1990-12-01,1988-11-30,1987-12-01,1990-11-30
Wally Hickel 2,m001,27.337,27.337,0,"December 3, 1990","December 5, 1994",8,1990-12-03,1994-12-05,1990-12-01,1994-12-01,1992-12-02,1991-12-03,1994-12-02
Tony Knowles,m001,17.16,17.16,0,"December 5, 1994","December 2, 2002",9,1994-12-05,2002-12-02,1994-12-01,2002-12-01,1996-12-04,1995-12-05,1998-12-04
Frank Murkowski,m001,29.42,29.42,0,"December 2, 2002","December 4, 2006",10,2002-12-02,2006-12-04,2002-12-01,2006-12-01,2004-12-01,2003-12-02,2006-12-01
Sarah Palin,m001,62.03,62.03,0,"December 4, 2006","July 26, 2009",11,2006-12-04,2009-07-26,2006-12-01,2009-08-01,2008-12-03,2007-12-04,2010-12-03
Sean Parnell,m001,71.06,71.06,0,"July 26, 2009","December 1, 2014",12,2009-07-26,2014-12-01,2009-08-01,2014-12-01,2011-07-26,2010-07-26,2013-07-25
Bill Walker,m001,59.29,59.29,0,"December 1, 2014","November 22, 2018",13,2014-12-01,2018-11-22,2014-12-01,2018-12-01,2016-11-30,2015-12-01,2018-11-30
William A. Egan 1,m002,3,3,0,"January 3, 1959","December 5, 1966",1,1959-01-03,1966-12-05,1959-01-01,1966-12-01,1961-01-02,1960-01-03,1963-01-02
Wally Hickel 1,m002,2.97,2.97,0,"December 5, 1966","January 29, 1969",2,1966-12-05,1969-01-29,1966-12-01,1969-02-01,1968-12-04,1967-12-05,1970-12-04
Keith Harvey Miller,m002,3.25,3.07,0.05863192182410429,"January 29, 1969","December 7, 1970",3,1969-01-29,1970-12-07,1969-02-01,1970-12-01,1971-01-29,1970-01-29,1973-01-28
William A. Egan 2,m002,3.56,3.56,0,"December 7, 1970","December 2, 1974",4,1970-12-07,1974-12-02,1970-12-01,1974-12-01,1972-12-06,1971-12-07,1974-12-06
Jay Hammond,m002,11.16,11.16,0,"December 2, 1974","December 6, 1982",5,1974-12-02,1982-12-06,1974-12-01,1982-12-01,1976-12-01,1975-12-02,1978-12-01
Bill Sheffield,m002,31.19,31.72,-0.016708701134930566,"December 6, 1982","December 1, 1986",6,1982-12-06,1986-12-01,1982-12-01,1986-12-01,1984-12-05,1983-12-06,1986-12-05
Steve Cowper,m002,18.656,16.076,0.16048768350335893,"December 1, 1986","December 3, 1990",7,1986-12-01,1990-12-03,1986-12-01,1990-12-01,1988-11-30,1987-12-01,1990-11-30
Wally Hickel 2,m002,24.959,27.337,-0.08698833083366866,"December 3, 1990","December 5, 1994",8,1990-12-03,1994-12-05,1990-12-01,1994-12-01,1992-12-02,1991-12-03,1994-12-02
Tony Knowles,m002,17.99,17.16,0.04836829836829827,"December 5, 1994","December 2, 2002",9,1994-12-05,2002-12-02,1994-12-01,2002-12-01,1996-12-04,1995-12-05,1998-12-04
Frank Murkowski,m002,32.94,29.42,0.11964649898028538,"December 2, 2002","December 4, 2006",10,2002-12-02,2006-12-04,2002-12-01,2006-12-01,2004-12-01,2003-12-02,2006-12-01
Sarah Palin,m002,54.57,62.03,-0.12026438819925843,"December 4, 2006","July 26, 2009",11,2006-12-04,2009-07-26,2006-12-01,2009-08-01,2008-12-03,2007-12-04,2010-12-03
Sean Parnell,m002,69.46,71.06,-0.0225161835068957,"July 26, 2009","December 1, 2014",12,2009-07-26,2014-12-01,2009-08-01,2014-12-01,2011-07-26,2010-07-26,2013-07-25
Bill Walker,m002,47.22,59.29,-0.2035756451340867,"December 1, 2014","November 22, 2018",13,2014-12-01,2018-11-22,2014-12-01,2018-12-01,2016-11-30,2015-12-01,2018-11-30
William A. Egan 1,m003,2.97,3,-0.009999999999999934,"January 3, 1959","December 5, 1966",1,1959-01-03,1966-12-05,1959-01-01,1966-12-01,1961-01-02,1960-01-03,1963-01-02
Wally Hickel 1,m003,3,2.97,0.010101010101010034,"December 5, 1966","January 29, 1969",2,1966-12-05,1969-01-29,1966-12-01,1969-02-01,1968-12-04,1967-12-05,1970-12-04
Keith Harvey Miller,m003,3.35,3.07,0.09120521172638445,"January 29, 1969","December 7, 1970",3,1969-01-29,1970-12-07,1969-02-01,1970-12-01,1971-01-29,1970-01-29,1973-01-28
William A. Egan 2,m003,3.56,3.56,0,"December 7, 1970","December 2, 1974",4,1970-12-07,1974-12-02,1970-12-01,1974-12-01,1972-12-06,1971-12-07,1974-12-06
Jay Hammond,m003,11.16,11.16,0,"December 2, 1974","December 6, 1982",5,1974-12-02,1982-12-06,1974-12-01,1982-12-01,1976-12-01,1975-12-02,1978-12-01
Bill Sheffield,m003,28.95,31.72,-0.08732660781841109,"December 6, 1982","December 1, 1986",6,1982-12-06,1986-12-01,1982-12-01,1986-12-01,1984-12-05,1983-12-06,1986-12-05
Steve Cowper,m003,17.726,16.076,0.10263747200796208,"December 1, 1986","December 3, 1990",7,1986-12-01,1990-12-03,1986-12-01,1990-12-01,1988-11-30,1987-12-01,1990-11-30
Wally Hickel 2,m003,20.523,27.337,-0.2492592457109412,"December 3, 1990","December 5, 1994",8,1990-12-03,1994-12-05,1990-12-01,1994-12-01,1992-12-02,1991-12-03,1994-12-02
Tony Knowles,m003,18.53,17.16,0.0798368298368299,"December 5, 1994","December 2, 2002",9,1994-12-05,2002-12-02,1994-12-01,2002-12-01,1996-12-04,1995-12-05,1998-12-04
Frank Murkowski,m003,35.87,29.42,0.21923861318830712,"December 2, 2002","December 4, 2006",10,2002-12-02,2006-12-04,2002-12-01,2006-12-01,2004-12-01,2003-12-02,2006-12-01
Sarah Palin,m003,59.26,62.03,-0.04465581170401424,"December 4, 2006","July 26, 2009",11,2006-12-04,2009-07-26,2006-12-01,2009-08-01,2008-12-03,2007-12-04,2010-12-03
Sean Parnell,m003,75.82,71.06,0.06698564593301422,"July 26, 2009","December 1, 2014",12,2009-07-26,2014-12-01,2009-08-01,2014-12-01,2011-07-26,2010-07-26,2013-07-25
Bill Walker,m003,50.58,59.29,-0.14690504300893914,"December 1, 2014","November 22, 2018",13,2014-12-01,2018-11-22,2014-12-01,2018-12-01,2016-11-30,2015-12-01,2018-11-30
William A. Egan 1,m004,2.97,3,-0.009999999999999934,"January 3, 1959","December 5, 1966",1,1959-01-03,1966-12-05,1959-01-01,1966-12-01,1961-01-02,1960-01-03,1963-01-02
Wally Hickel 1,m004,3,2.97,0.010101010101010034,"December 5, 1966","January 29, 1969",2,1966-12-05,1969-01-29,1966-12-01,1969-02-01,1968-12-04,1967-12-05,1970-12-04
Keith Harvey Miller,m004,3.35,3.07,0.09120521172638445,"January 29, 1969","December 7, 1970",3,1969-01-29,1970-12-07,1969-02-01,1970-12-01,1971-01-29,1970-01-29,1973-01-28
William A. Egan 2,m004,3.56,3.56,0,"December 7, 1970","December 2, 1974",4,1970-12-07,1974-12-02,1970-12-01,1974-12-01,1972-12-06,1971-12-07,1974-12-06
Jay Hammond,m004,11.16,11.16,0,"December 2, 1974","December 6, 1982",5,1974-12-02,1982-12-06,1974-12-01,1982-12-01,1976-12-01,1975-12-02,1978-12-01
Bill Sheffield,m004,28.82,31.72,-0.09142496847414876,"December 6, 1982","December 1, 1986",6,1982-12-06,1986-12-01,1982-12-01,1986-12-01,1984-12-05,1983-12-06,1986-12-05
Steve Cowper,m004,18.305,16.076,0.1386538940034834,"December 1, 1986","December 3, 1990",7,1986-12-01,1990-12-03,1986-12-01,1990-12-01,1988-11-30,1987-12-01,1990-11-30
Wally Hickel 2,m004,19.86,27.337,-0.27351208984160663,"December 3, 1990","December 5, 1994",8,1990-12-03,1994-12-05,1990-12-01,1994-12-01,1992-12-02,1991-12-03,1994-12-02
Tony Knowles,m004,18.55,17.16,0.081002331002331035,"December 5, 1994","December 2, 2002",9,1994-12-05,2002-12-02,1994-12-01,2002-12-01,1996-12-04,1995-12-05,1998-12-04
Frank Murkowski,m004,33.55,29.42,0.1403806934058462,"December 2, 2002","December 4, 2006",10,2002-12-02,2006-12-04,2002-12-01,2006-12-01,2004-12-01,2003-12-02,2006-12-01
Sarah Palin,m004,60.56,62.03,-0.023698210543285487,"December 4, 2006","July 26, 2009",11,2006-12-04,2009-07-26,2006-12-01,2009-08-01,2008-12-03,2007-12-04,2010-12-03
Sean Parnell,m004,78.08,71.06,0.0987897551365043,"July 26, 2009","December 1, 2014",12,2009-07-26,2014-12-01,2009-08-01,2014-12-01,2011-07-26,2010-07-26,2013-07-25
Bill Walker,m004,47.82,59.29,-0.19345589475459604,"December 1, 2014","November 22, 2018",13,2014-12-01,2018-11-22,2014-12-01,2018-12-01,2016-11-30,2015-12-01,2018-11-30
William A. Egan 1,m005,2.97,3,-0.009999999999999934,"January 3, 1959","December 5, 1966",1,1959-01-03,1966-12-05,1959-01-01,1966-12-01,1961-01-02,1960-01-03,1963-01-02
Wally Hickel 1,m005,3,2.97,0.010101010101010034,"December 5, 1966","January 29, 1969",2,1966-12-05,1969-01-29,1966-12-01,1969-02-01,1968-12-04,1967-12-05,1970-12-04
Keith Harvey Miller,m005,3.35,3.07,0.09120521172638445,"January 29, 1969","December 7, 1970",3,1969-01-29,1970-12-07,1969-02-01,1970-12-01,1971-01-29,1970-01-29,1973-01-28
William A. Egan 2,m005,3.56,3.56,0,"December 7, 1970","December 2, 1974",4,1970-12-07,1974-12-02,1970-12-01,1974-12-01,1972-12-06,1971-12-07,1974-12-06
Jay Hammond,m005,11.16,11.16,0,"December 2, 1974","December 6, 1982",5,1974-12-02,1982-12-06,1974-12-01,1982-12-01,1976-12-01,1975-12-02,1978-12-01
Bill Sheffield,m005,30.61,31.72,-0.034993694829760384,"December 6, 1982","December 1, 1986",6,1982-12-06,1986-12-01,1982-12-01,1986-12-01,1984-12-05,1983-12-06,1986-12-05
Steve Cowper,m005,18.643,16.076,0.1596790246329933,"December 1, 1986","December 3, 1990",7,1986-12-01,1990-12-03,1986-12-01,1990-12-01,1988-11-30,1987-12-01,1990-11-30
Wally Hickel 2,m005,20.823,27.337,-0.2382851080952555,"December 3, 1990","December 5, 1994",8,1990-12-03,1994-12-05,1990-12-01,1994-12-01,1992-12-02,1991-12-03,1994-12-02
Tony Knowles,m005,19.87,17.16,0.15792540792540796,"December 5, 1994","December 2, 2002",9,1994-12-05,2002-12-02,1994-12-01,2002-12-01,1996-12-04,1995-12-05,1998-12-04
Frank Murkowski,m005,28.25,29.42,-0.03976886471787905,"December 2, 2002","December 4, 2006",10,2002-12-02,2006-12-04,2002-12-01,2006-12-01,2004-12-01,2003-12-02,2006-12-01
Sarah Palin,m005,63.97,62.03,0.031275189424471994,"December 4, 2006","July 26, 2009",11,2006-12-04,2009-07-26,2006-12-01,2009-08-01,2008-12-03,2007-12-04,2010-12-03
Sean Parnell,m005,74.3,71.06,0.045595271601463476,"July 26, 2009","December 1, 2014",12,2009-07-26,2014-12-01,2009-08-01,2014-12-01,2011-07-26,2010-07-26,2013-07-25
Bill Walker,m005,54.45,59.29,-0.08163265306122443,"December 1, 2014","November 22, 2018",13,2014-12-01,2018-11-22,2014-12-01,2018-12-01,2016-11-30,2015-12-01,2018-11-30
William A. Egan 1,m006,2.97,3,-0.009999999999999934,"January 3, 1959","December 5, 1966",1,1959-01-03,1966-12-05,1959-01-01,1966-12-01,1961-01-02,1960-01-03,1963-01-02
Wally Hickel 1,m006,3,2.97,0.010101010101010034,"December 5, 1966","January 29, 1969",2,1966-12-05,1969-01-29,1966-12-01,1969-02-01,1968-12-04,1967-12-05,1970-12-04
Keith Harvey Miller,m006,3.35,3.07,0.09120521172638445,"January 29, 1969","December 7, 1970",3,1969-01-29,1970-12-07,1969-02-01,1970-12-01,1971-01-29,1970-01-29,1973-01-28
William A. Egan 2,m006,3.56,3.56,0,"December 7, 1970","December 2, 1974",4,1970-12-07,1974-12-02,1970-12-01,1974-12-01,1972-12-06,1971-12-07,1974-12-06
Jay Hammond,m006,11.16,11.16,0,"December 2, 1974","December 6, 1982",5,1974-12-02,1982-12-06,1974-12-01,1982-12-01,1976-12-01,1975-12-02,1978-12-01
Bill Sheffield,m006,30,31.72,-0.0542244640605296,"December 6, 1982","December 1, 1986",6,1982-12-06,1986-12-01,1982-12-01,1986-12-01,1984-12-05,1983-12-06,1986-12-05
Steve Cowper,m006,19.415,16.076,0.20770092062702156,"December 1, 1986","December 3, 1990",7,1986-12-01,1990-12-03,1986-12-01,1990-12-01,1988-11-30,1987-12-01,1990-11-30
Wally Hickel 2,m006,21.24,27.337,-0.22303105680945243,"December 3, 1990","December 5, 1994",8,1990-12-03,1994-12-05,1990-12-01,1994-12-01,1992-12-02,1991-12-03,1994-12-02
Tony Knowles,m006,19.74,17.16,0.15034965034965025,"December 5, 1994","December 2, 2002",9,1994-12-05,2002-12-02,1994-12-01,2002-12-01,1996-12-04,1995-12-05,1998-12-04
Frank Murkowski,m006,28.14,29.42,-0.043507817811012955,"December 2, 2002","December 4, 2006",10,2002-12-02,2006-12-04,2002-12-01,2006-12-01,2004-12-01,2003-12-02,2006-12-01
Sarah Palin,m006,63.46,62.03,0.02305336127680154,"December 4, 2006","July 26, 2009",11,2006-12-04,2009-07-26,2006-12-01,2009-08-01,2008-12-03,2007-12-04,2010-12-03
Sean Parnell,m006,78.22,71.06,0.10075992119335768,"July 26, 2009","December 1, 2014",12,2009-07-26,2014-12-01,2009-08-01,2014-12-01,2011-07-26,2010-07-26,2013-07-25
Bill Walker,m006,59.27,59.29,-3.3732501264962085e-4,"December 1, 2014","November 22, 2018",13,2014-12-01,2018-11-22,2014-12-01,2018-12-01,2016-11-30,2015-12-01,2018-11-30
William A. Egan 1,m007,2.97,3,-0.009999999999999934,"January 3, 1959","December 5, 1966",1,1959-01-03,1966-12-05,1959-01-01,1966-12-01,1961-01-02,1960-01-03,1963-01-02
Wally Hickel 1,m007,3,2.97,0.010101010101010034,"December 5, 1966","January 29, 1969",2,1966-12-05,1969-01-29,1966-12-01,1969-02-01,1968-12-04,1967-12-05,1970-12-04
Keith Harvey Miller,m007,3.35,3.07,0.09120521172638445,"January 29, 1969","December 7, 1970",3,1969-01-29,1970-12-07,1969-02-01,1970-12-01,1971-01-29,1970-01-29,1973-01-28
William A. Egan 2,m007,3.56,3.56,0,"December 7, 1970","December 2, 1974",4,1970-12-07,1974-12-02,1970-12-01,1974-12-01,1972-12-06,1971-12-07,1974-12-06
Jay Hammond,m007,11.16,11.16,0,"December 2, 1974","December 6, 1982",5,1974-12-02,1982-12-06,1974-12-01,1982-12-01,1976-12-01,1975-12-02,1978-12-01
Bill Sheffield,m007,31,31.72,-0.022698612862547252,"December 6, 1982","December 1, 1986",6,1982-12-06,1986-12-01,1982-12-01,1986-12-01,1984-12-05,1983-12-06,1986-12-05
Steve Cowper,m007,20.034,16.076,0.24620552376212979,"December 1, 1986","December 3, 1990",7,1986-12-01,1990-12-03,1986-12-01,1990-12-01,1988-11-30,1987-12-01,1990-11-30
Wally Hickel 2,m007,20.195,27.337,-0.2612576361707576,"December 3, 1990","December 5, 1994",8,1990-12-03,1994-12-05,1990-12-01,1994-12-01,1992-12-02,1991-12-03,1994-12-02
Tony Knowles,m007,18.42,17.16,0.07342657342657352,"December 5, 1994","December 2, 2002",9,1994-12-05,2002-12-02,1994-12-01,2002-12-01,1996-12-04,1995-12-05,1998-12-04
Frank Murkowski,m007,30.72,29.42,0.044187627464309896,"December 2, 2002","December 4, 2006",10,2002-12-02,2006-12-04,2002-12-01,2006-12-01,2004-12-01,2003-12-02,2006-12-01
Sarah Palin,m007,67.48,62.03,0.08786071255843951,"December 4, 2006","July 26, 2009",11,2006-12-04,2009-07-26,2006-12-01,2009-08-01,2008-12-03,2007-12-04,2010-12-03
Sean Parnell,m007,76.42,71.06,0.07542921474810019,"July 26, 2009","December 1, 2014",12,2009-07-26,2014-12-01,2009-08-01,2014-12-01,2011-07-26,2010-07-26,2013-07-25
Bill Walker,m007,59.82,59.29,0.00893911283521675,"December 1, 2014","November 22, 2018",13,2014-12-01,2018-11-22,2014-12-01,2018-12-01,2016-11-30,2015-12-01,2018-11-30
William A. Egan 1,m008,2.97,3,-0.009999999999999934,"January 3, 1959","December 5, 1966",1,1959-01-03,1966-12-05,1959-01-01,1966-12-01,1961-01-02,1960-01-03,1963-01-02
Wally Hickel 1,m008,3,2.97,0.010101010101010034,"December 5, 1966","January 29, 1969",2,1966-12-05,1969-01-29,1966-12-01,1969-02-01,1968-12-04,1967-12-05,1970-12-04
Keith Harvey Miller,m008,3.35,3.07,0.09120521172638445,"January 29, 1969","December 7, 1970",3,1969-01-29,1970-12-07,1969-02-01,1970-12-01,1971-01-29,1970-01-29,1973-01-28
William A. Egan 2,m008,3.56,3.56,0,"December 7, 1970","December 2, 1974",4,1970-12-07,1974-12-02,1970-12-01,1974-12-01,1972-12-06,1971-12-07,1974-12-06
Jay Hammond,m008,11.16,11.16,0,"December 2, 1974","December 6, 1982",5,1974-12-02,1982-12-06,1974-12-01,1982-12-01,1976-12-01,1975-12-02,1978-12-01
Bill Sheffield,m008,31.66,31.72,-0.0018915510718789004,"December 6, 1982","December 1, 1986",6,1982-12-06,1986-12-01,1982-12-01,1986-12-01,1984-12-05,1983-12-06,1986-12-05
Steve Cowper,m008,21.355,16.076,0.3283777058969893,"December 1, 1986","December 3, 1990",7,1986-12-01,1990-12-03,1986-12-01,1990-12-01,1988-11-30,1987-12-01,1990-11-30
Wally Hickel 2,m008,21.42,27.337,-0.2164465742400409,"December 3, 1990","December 5, 1994",8,1990-12-03,1994-12-05,1990-12-01,1994-12-01,1992-12-02,1991-12-03,1994-12-02
Tony Knowles,m008,17.3,17.16,0.008158508158508191,"December 5, 1994","December 2, 2002",9,1994-12-05,2002-12-02,1994-12-01,2002-12-01,1996-12-04,1995-12-05,1998-12-04
Frank Murkowski,m008,30.76,29.42,0.04554724677090414,"December 2, 2002","December 4, 2006",10,2002-12-02,2006-12-04,2002-12-01,2006-12-01,2004-12-01,2003-12-02,2006-12-01
Sarah Palin,m008,74.18,62.03,0.19587296469450274,"December 4, 2006","July 26, 2009",11,2006-12-04,2009-07-26,2006-12-01,2009-08-01,2008-12-03,2007-12-04,2010-12-03
Sean Parnell,m008,81.24,71.06,0.14325921756262303,"July 26, 2009","December 1, 2014",12,2009-07-26,2014-12-01,2009-08-01,2014-12-01,2011-07-26,2010-07-26,2013-07-25
Bill Walker,m008,50.9,59.29,-0.1415078428065441,"December 1, 2014","November 22, 2018",13,2014-12-01,2018-11-22,2014-12-01,2018-12-01,2016-11-30,2015-12-01,2018-11-30
William A. Egan 1,m009,2.97,3,-0.009999999999999934,"January 3, 1959","December 5, 1966",1,1959-01-03,1966-12-05,1959-01-01,1966-12-01,1961-01-02,1960-01-03,1963-01-02
Wally Hickel 1,m009,3.07,2.97,0.03367003367003355,"December 5, 1966","January 29, 1969",2,1966-12-05,1969-01-29,1966-12-01,1969-02-01,1968-12-04,1967-12-05,1970-12-04
Keith Harvey Miller,m009,3.35,3.07,0.09120521172638445,"January 29, 1969","December 7, 1970",3,1969-01-29,1970-12-07,1969-02-01,1970-12-01,1971-01-29,1970-01-29,1973-01-28
William A. Egan 2,m009,3.56,3.56,0,"December 7, 1970","December 2, 1974",4,1970-12-07,1974-12-02,1970-12-01,1974-12-01,1972-12-06,1971-12-07,1974-12-06
Jay Hammond,m009,11.16,11.16,0,"December 2, 1974","December 6, 1982",5,1974-12-02,1982-12-06,1974-12-01,1982-12-01,1976-12-01,1975-12-02,1978-12-01
Bill Sheffield,m009,31.91,31.72,0.005989911727616686,"December 6, 1982","December 1, 1986",6,1982-12-06,1986-12-01,1982-12-01,1986-12-01,1984-12-05,1983-12-06,1986-12-05
Steve Cowper,m009,20.274,16.076,0.26113461059965165,"December 1, 1986","December 3, 1990",7,1986-12-01,1990-12-03,1986-12-01,1990-12-01,1988-11-30,1987-12-01,1990-11-30
Wally Hickel 2,m009,21.688,27.337,-0.20664301130336177,"December 3, 1990","December 5, 1994",8,1990-12-03,1994-12-05,1990-12-01,1994-12-01,1992-12-02,1991-12-03,1994-12-02
Tony Knowles,m009,18.03,17.16,0.05069930069930076,"December 5, 1994","December 2, 2002",9,1994-12-05,2002-12-02,1994-12-01,2002-12-01,1996-12-04,1995-12-05,1998-12-04
Frank Murkowski,m009,31.59,29.42,0.07375934738273277,"December 2, 2002","December 4, 2006",10,2002-12-02,2006-12-04,2002-12-01,2006-12-01,2004-12-01,2003-12-02,2006-12-01
Sarah Palin,m009,72.39,62.03,0.16701596001934546,"December 4, 2006","July 26, 2009",11,2006-12-04,2009-07-26,2006-12-01,2009-08-01,2008-12-03,2007-12-04,2010-12-03
Sean Parnell,m009,84.48,71.06,0.1888544891640867,"July 26, 2009","December 1, 2014",12,2009-07-26,2014-12-01,2009-08-01,2014-12-01,2011-07-26,2010-07-26,2013-07-25
Bill Walker,m009,42.87,59.29,-0.27694383538539386,"December 1, 2014","November 22, 2018",13,2014-12-01,2018-11-22,2014-12-01,2018-12-01,2016-11-30,2015-12-01,2018-11-30
William A. Egan 1,m010,2.97,3,-0.009999999999999934,"January 3, 1959","December 5, 1966",1,1959-01-03,1966-12-05,1959-01-01,1966-12-01,1961-01-02,1960-01-03,1963-01-02
Wally Hickel 1,m010,3.07,2.97,0.03367003367003355,"December 5, 1966","January 29, 1969",2,1966-12-05,1969-01-29,1966-12-01,1969-02-01,1968-12-04,1967-12-05,1970-12-04
Keith Harvey Miller,m010,3.35,3.07,0.09120521172638445,"January 29, 1969","December 7, 1970",3,1969-01-29,1970-12-07,1969-02-01,1970-12-01,1971-01-29,1970-01-29,1973-01-28
William A. Egan 2,m010,3.56,3.56,0,"December 7, 1970","December 2, 1974",4,1970-12-07,1974-12-02,1970-12-01,1974-12-01,1972-12-06,1971-12-07,1974-12-06
Jay Hammond,m010,11.16,11.16,0,"December 2, 1974","December 6, 1982",5,1974-12-02,1982-12-06,1974-12-01,1982-12-01,1976-12-01,1975-12-02,1978-12-01
Bill Sheffield,m010,31.11,31.72,-0.019230769230769214,"December 6, 1982","December 1, 1986",6,1982-12-06,1986-12-01,1982-12-01,1986-12-01,1984-12-05,1983-12-06,1986-12-05
Steve Cowper,m010,19.526,16.076,0.2146056232893754,"December 1, 1986","December 3, 1990",7,1986-12-01,1990-12-03,1986-12-01,1990-12-01,1988-11-30,1987-12-01,1990-11-30
Wally Hickel 2,m010,21.857,27.337,-0.2004609137798588,"December 3, 1990","December 5, 1994",8,1990-12-03,1994-12-05,1990-12-01,1994-12-01,1992-12-02,1991-12-03,1994-12-02
Tony Knowles,m010,18.23,17.16,0.06235431235431237,"December 5, 1994","December 2, 2002",9,1994-12-05,2002-12-02,1994-12-01,2002-12-01,1996-12-04,1995-12-05,1998-12-04
Frank Murkowski,m010,28.29,29.42,-0.038409245411284924,"December 2, 2002","December 4, 2006",10,2002-12-02,2006-12-04,2002-12-01,2006-12-01,2004-12-01,2003-12-02,2006-12-01
Sarah Palin,m010,79.93,62.03,0.2885700467515719,"December 4, 2006","July 26, 2009",11,2006-12-04,2009-07-26,2006-12-01,2009-08-01,2008-12-03,2007-12-04,2010-12-03
Sean Parnell,m010,73.84,71.06,0.039121868843231086,"July 26, 2009","December 1, 2014",12,2009-07-26,2014-12-01,2009-08-01,2014-12-01,2011-07-26,2010-07-26,2013-07-25
Bill Walker,m010,45.48,59.29,-0.2329229212346096,"December 1, 2014","November 22, 2018",13,2014-12-01,2018-11-22,2014-12-01,2018-12-01,2016-11-30,2015-12-01,2018-11-30
William A. Egan 1,m011,2.97,3,-0.009999999999999934,"January 3, 1959","December 5, 1966",1,1959-01-03,1966-12-05,1959-01-01,1966-12-01,1961-01-02,1960-01-03,1963-01-02
Wally Hickel 1,m011,3.07,2.97,0.03367003367003355,"December 5, 1966","January 29, 1969",2,1966-12-05,1969-01-29,1966-12-01,1969-02-01,1968-12-04,1967-12-05,1970-12-04
Keith Harvey Miller,m011,3.35,3.07,0.09120521172638445,"January 29, 1969","December 7, 1970",3,1969-01-29,1970-12-07,1969-02-01,1970-12-01,1971-01-29,1970-01-29,1973-01-28
William A. Egan 2,m011,3.56,3.56,0,"December 7, 1970","December 2, 1974",4,1970-12-07,1974-12-02,1970-12-01,1974-12-01,1972-12-06,1971-12-07,1974-12-06
Jay Hammond,m011,11.16,11.16,0,"December 2, 1974","December 6, 1982",5,1974-12-02,1982-12-06,1974-12-01,1982-12-01,1976-12-01,1975-12-02,1978-12-01
Bill Sheffield,m011,30.41,31.72,-0.04129886506935684,"December 6, 1982","December 1, 1986",6,1982-12-06,1986-12-01,1982-12-01,1986-12-01,1984-12-05,1983-12-06,1986-12-05
Steve Cowper,m011,19.848,16.076,0.2346354814630504,"December 1, 1986","December 3, 1990",7,1986-12-01,1990-12-03,1986-12-01,1990-12-01,1988-11-30,1987-12-01,1990-11-30
Wally Hickel 2,m011,23.228,27.337,-0.15030910487617508,"December 3, 1990","December 5, 1994",8,1990-12-03,1994-12-05,1990-12-01,1994-12-01,1992-12-02,1991-12-03,1994-12-02
Tony Knowles,m011,17.44,17.16,0.016317016317016382,"December 5, 1994","December 2, 2002",9,1994-12-05,2002-12-02,1994-12-01,2002-12-01,1996-12-04,1995-12-05,1998-12-04
Frank Murkowski,m011,30.33,29.42,0.03093133922501688,"December 2, 2002","December 4, 2006",10,2002-12-02,2006-12-04,2002-12-01,2006-12-01,2004-12-01,2003-12-02,2006-12-01
Sarah Palin,m011,86.2,62.03,0.38965016927293245,"December 4, 2006","July 26, 2009",11,2006-12-04,2009-07-26,2006-12-01,2009-08-01,2008-12-03,2007-12-04,2010-12-03
Sean Parnell,m011,75.35,71.06,0.06037151702786366,"July 26, 2009","December 1, 2014",12,2009-07-26,2014-12-01,2009-08-01,2014-12-01,2011-07-26,2010-07-26,2013-07-25
Bill Walker,m011,46.22,59.29,-0.2204418957665711,"December 1, 2014","November 22, 2018",13,2014-12-01,2018-11-22,2014-12-01,2018-12-01,2016-11-30,2015-12-01,2018-11-30
William A. Egan 1,m012,2.97,3,-0.009999999999999934,"January 3, 1959","December 5, 1966",1,1959-01-03,1966-12-05,1959-01-01,1966-12-01,1961-01-02,1960-01-03,1963-01-02
Wally Hickel 1,m012,3.07,2.97,0.03367003367003355,"December 5, 1966","January 29, 1969",2,1966-12-05,1969-01-29,1966-12-01,1969-02-01,1968-12-04,1967-12-05,1970-12-04
Keith Harvey Miller,m012,3.35,3.07,0.09120521172638445,"January 29, 1969","December 7, 1970",3,1969-01-29,1970-12-07,1969-02-01,1970-12-01,1971-01-29,1970-01-29,1973-01-28
William A. Egan 2,m012,3.56,3.56,0,"December 7, 1970","December 2, 1974",4,1970-12-07,1974-12-02,1970-12-01,1974-12-01,1972-12-06,1971-12-07,1974-12-06
Jay Hammond,m012,11.16,11.16,0,"December 2, 1974","December 6, 1982",5,1974-12-02,1982-12-06,1974-12-01,1982-12-01,1976-12-01,1975-12-02,1978-12-01
Bill Sheffield,m012,29.84,31.72,-0.05926860025220678,"December 6, 1982","December 1, 1986",6,1982-12-06,1986-12-01,1982-12-01,1986-12-01,1984-12-05,1983-12-06,1986-12-05
Steve Cowper,m012,18.92,16.076,0.17690967902463306,"December 1, 1986","December 3, 1990",7,1986-12-01,1990-12-03,1986-12-01,1990-12-01,1988-11-30,1987-12-01,1990-11-30
Wally Hickel 2,m012,22.465,27.337,-0.17821999487873577,"December 3, 1990","December 5, 1994",8,1990-12-03,1994-12-05,1990-12-01,1994-12-01,1992-12-02,1991-12-03,1994-12-02
Tony Knowles,m012,17.99,17.16,0.04836829836829827,"December 5, 1994","December 2, 2002",9,1994-12-05,2002-12-02,1994-12-01,2002-12-01,1996-12-04,1995-12-05,1998-12-04
Frank Murkowski,m012,31.09,29.42,0.05676410605030585,"December 2, 2002","December 4, 2006",10,2002-12-02,2006-12-04,2002-12-01,2006-12-01,2004-12-01,2003-12-02,2006-12-01
Sarah Palin,m012,94.62,62.03,0.5253909398678059,"December 4, 2006","July 26, 2009",11,2006-12-04,2009-07-26,2006-12-01,2009-08-01,2008-12-03,2007-12-04,2010-12-03
Sean Parnell,m012,76.37,71.06,0.07472558401350975,"July 26, 2009","December 1, 2014",12,2009-07-26,2014-12-01,2009-08-01,2014-12-01,2011-07-26,2010-07-26,2013-07-25
Bill Walker,m012,42.44,59.29,-0.28419632315736215,"December 1, 2014","November 22, 2018",13,2014-12-01,2018-11-22,2014-12-01,2018-12-01,2016-11-30,2015-12-01,2018-11-30
William A. Egan 1,m013,2.97,3,-0.009999999999999934,"January 3, 1959","December 5, 1966",1,1959-01-03,1966-12-05,1959-01-01,1966-12-01,1961-01-02,1960-01-03,1963-01-02
Wally Hickel 1,m013,3.07,2.97,0.03367003367003355,"December 5, 1966","January 29, 1969",2,1966-12-05,1969-01-29,1966-12-01,1969-02-01,1968-12-04,1967-12-05,1970-12-04
Keith Harvey Miller,m013,3.35,3.07,0.09120521172638445,"January 29, 1969","December 7, 1970",3,1969-01-29,1970-12-07,1969-02-01,1970-12-01,1971-01-29,1970-01-29,1973-01-28
William A. Egan 2,m013,3.56,3.56,0,"December 7, 1970","December 2, 1974",4,1970-12-07,1974-12-02,1970-12-01,1974-12-01,1972-12-06,1971-12-07,1974-12-06
Jay Hammond,m013,11.16,11.16,0,"December 2, 1974","December 6, 1982",5,1974-12-02,1982-12-06,1974-12-01,1982-12-01,1976-12-01,1975-12-02,1978-12-01
Bill Sheffield,m013,29.24,31.72,-0.07818411097099623,"December 6, 1982","December 1, 1986",6,1982-12-06,1986-12-01,1982-12-01,1986-12-01,1984-12-05,1983-12-06,1986-12-05
Steve Cowper,m013,17.241,16.076,0.07246827569047021,"December 1, 1986","December 3, 1990",7,1986-12-01,1990-12-03,1986-12-01,1990-12-01,1988-11-30,1987-12-01,1990-11-30
Wally Hickel 2,m013,19.517,27.337,-0.2860591871822073,"December 3, 1990","December 5, 1994",8,1990-12-03,1994-12-05,1990-12-01,1994-12-01,1992-12-02,1991-12-03,1994-12-02
Tony Knowles,m013,19.04,17.16,0.1095571095571095,"December 5, 1994","December 2, 2002",9,1994-12-05,2002-12-02,1994-12-01,2002-12-01,1996-12-04,1995-12-05,1998-12-04
Frank Murkowski,m013,32.15,29.42,0.09279401767505087,"December 2, 2002","December 4, 2006",10,2002-12-02,2006-12-04,2002-12-01,2006-12-01,2004-12-01,2003-12-02,2006-12-01
Sarah Palin,m013,91.73,62.03,0.47880058036433987,"December 4, 2006","July 26, 2009",11,2006-12-04,2009-07-26,2006-12-01,2009-08-01,2008-12-03,2007-12-04,2010-12-03
Sean Parnell,m013,76.82,71.06,0.08105826062482396,"July 26, 2009","December 1, 2014",12,2009-07-26,2014-12-01,2009-08-01,2014-12-01,2011-07-26,2010-07-26,2013-07-25
Bill Walker,m013,37.19,59.29,-0.37274413897790526,"December 1, 2014","November 22, 2018",13,2014-12-01,2018-11-22,2014-12-01,2018-12-01,2016-11-30,2015-12-01,2018-11-30
William A. Egan 1,m014,2.97,3,-0.009999999999999934,"January 3, 1959","December 5, 1966",1,1959-01-03,1966-12-05,1959-01-01,1966-12-01,1961-01-02,1960-01-03,1963-01-02
Wally Hickel 1,m014,3.07,2.97,0.03367003367003355,"December 5, 1966","January 29, 1969",2,1966-12-05,1969-01-29,1966-12-01,1969-02-01,1968-12-04,1967-12-05,1970-12-04
Keith Harvey Miller,m014,3.35,3.07,0.09120521172638445,"January 29, 1969","December 7, 1970",3,1969-01-29,1970-12-07,1969-02-01,1970-12-01,1971-01-29,1970-01-29,1973-01-28
William A. Egan 2,m014,3.56,3.56,0,"December 7, 1970","December 2, 1974",4,1970-12-07,1974-12-02,1970-12-01,1974-12-01,1972-12-06,1971-12-07,1974-12-06
Jay Hammond,m014,11.16,11.16,0,"December 2, 1974","December 6, 1982",5,1974-12-02,1982-12-06,1974-12-01,1982-12-01,1976-12-01,1975-12-02,1978-12-01
Bill Sheffield,m014,29.69,31.72,-0.06399747793190409,"December 6, 1982","December 1, 1986",6,1982-12-06,1986-12-01,1982-12-01,1986-12-01,1984-12-05,1983-12-06,1986-12-05
Steve Cowper,m014,17.16,16.076,0.06742970888280664,"December 1, 1986","December 3, 1990",7,1986-12-01,1990-12-03,1986-12-01,1990-12-01,1988-11-30,1987-12-01,1990-11-30
Wally Hickel 2,m014,18.82,27.337,-0.311555766909317,"December 3, 1990","December 5, 1994",8,1990-12-03,1994-12-05,1990-12-01,1994-12-01,1992-12-02,1991-12-03,1994-12-02
Tony Knowles,m014,18.88,17.16,0.10023310023310017,"December 5, 1994","December 2, 2002",9,1994-12-05,2002-12-02,1994-12-01,2002-12-01,1996-12-04,1995-12-05,1998-12-04
Frank Murkowski,m014,34.27,29.42,0.16485384092454117,"December 2, 2002","December 4, 2006",10,2002-12-02,2006-12-04,2002-12-01,2006-12-01,2004-12-01,2003-12-02,2006-12-01
Sarah Palin,m014,92.95,62.03,0.4984684829921006,"December 4, 2006","July 26, 2009",11,2006-12-04,2009-07-26,2006-12-01,2009-08-01,2008-12-03,2007-12-04,2010-12-03
Sean Parnell,m014,75.31,71.06,0.05980861244019139,"July 26, 2009","December 1, 2014",12,2009-07-26,2014-12-01,2009-08-01,2014-12-01,2011-07-26,2010-07-26,2013-07-25
Bill Walker,m014,31.68,59.29,-0.46567717996289426,"December 1, 2014","November 22, 2018",13,2014-12-01,2018-11-22,2014-12-01,2018-12-01,2016-11-30,2015-12-01,2018-11-30
William A. Egan 1,m015,2.97,3,-0.009999999999999934,"January 3, 1959","December 5, 1966",1,1959-01-03,1966-12-05,1959-01-01,1966-12-01,1961-01-02,1960-01-03,1963-01-02
Wally Hickel 1,m015,3.07,2.97,0.03367003367003355,"December 5, 1966","January 29, 1969",2,1966-12-05,1969-01-29,1966-12-01,1969-02-01,1968-12-04,1967-12-05,1970-12-04
Keith Harvey Miller,m015,3.35,3.07,0.09120521172638445,"January 29, 1969","December 7, 1970",3,1969-01-29,1970-12-07,1969-02-01,1970-12-01,1971-01-29,1970-01-29,1973-01-28
William A. Egan 2,m015,3.56,3.56,0,"December 7, 1970","December 2, 1974",4,1970-12-07,1974-12-02,1970-12-01,1974-12-01,1972-12-06,1971-12-07,1974-12-06
Jay Hammond,m015,12.03,11.16,0.07795698924731176,"December 2, 1974","December 6, 1982",5,1974-12-02,1982-12-06,1974-12-01,1982-12-01,1976-12-01,1975-12-02,1978-12-01
Bill Sheffield,m015,30.145,31.72,-0.04965321563682217,"December 6, 1982","December 1, 1986",6,1982-12-06,1986-12-01,1982-12-01,1986-12-01,1984-12-05,1983-12-06,1986-12-05
Steve Cowper,m015,16.765,16.076,0.04285892012938542,"December 1, 1986","December 3, 1990",7,1986-12-01,1990-12-03,1986-12-01,1990-12-01,1988-11-30,1987-12-01,1990-11-30
Wally Hickel 2,m015,18.995,27.337,-0.30515418663350036,"December 3, 1990","December 5, 1994",8,1990-12-03,1994-12-05,1990-12-01,1994-12-01,1992-12-02,1991-12-03,1994-12-02
Tony Knowles,m015,19.07,17.16,0.11130536130536131,"December 5, 1994","December 2, 2002",9,1994-12-05,2002-12-02,1994-12-01,2002-12-01,1996-12-04,1995-12-05,1998-12-04
Frank Murkowski,m015,34.74,29.42,0.18082936777702244,"December 2, 2002","December 4, 2006",10,2002-12-02,2006-12-04,2002-12-01,2006-12-01,2004-12-01,2003-12-02,2006-12-01
Sarah Palin,m015,95.35,62.03,0.537159438981138,"December 4, 2006","July 26, 2009",11,2006-12-04,2009-07-26,2006-12-01,2009-08-01,2008-12-03,2007-12-04,2010-12-03
Sean Parnell,m015,81.9,71.06,0.15254714325921762,"July 26, 2009","December 1, 2014",12,2009-07-26,2014-12-01,2009-08-01,2014-12-01,2011-07-26,2010-07-26,2013-07-25
Bill Walker,m015,30.32,59.29,-0.48861528082307304,"December 1, 2014","November 22, 2018",13,2014-12-01,2018-11-22,2014-12-01,2018-12-01,2016-11-30,2015-12-01,2018-11-30
William A. Egan 1,m016,2.97,3,-0.009999999999999934,"January 3, 1959","December 5, 1966",1,1959-01-03,1966-12-05,1959-01-01,1966-12-01,1961-01-02,1960-01-03,1963-01-02
Wally Hickel 1,m016,3.07,2.97,0.03367003367003355,"December 5, 1966","January 29, 1969",2,1966-12-05,1969-01-29,1966-12-01,1969-02-01,1968-12-04,1967-12-05,1970-12-04
Keith Harvey Miller,m016,3.35,3.07,0.09120521172638445,"January 29, 1969","December 7, 1970",3,1969-01-29,1970-12-07,1969-02-01,1970-12-01,1971-01-29,1970-01-29,1973-01-28
William A. Egan 2,m016,3.56,3.56,0,"December 7, 1970","December 2, 1974",4,1970-12-07,1974-12-02,1970-12-01,1974-12-01,1972-12-06,1971-12-07,1974-12-06
Jay Hammond,m016,12.1,11.16,0.08422939068100353,"December 2, 1974","December 6, 1982",5,1974-12-02,1982-12-06,1974-12-01,1982-12-01,1976-12-01,1975-12-02,1978-12-01
Bill Sheffield,m016,30.761,31.72,-0.03023329129886506,"December 6, 1982","December 1, 1986",6,1982-12-06,1986-12-01,1982-12-01,1986-12-01,1984-12-05,1983-12-06,1986-12-05
Steve Cowper,m016,16.217,16.076,0.008770838517043932,"December 1, 1986","December 3, 1990",7,1986-12-01,1990-12-03,1986-12-01,1990-12-01,1988-11-30,1987-12-01,1990-11-30
Wally Hickel 2,m016,18.916,27.337,-0.3080440428722976,"December 3, 1990","December 5, 1994",8,1990-12-03,1994-12-05,1990-12-01,1994-12-01,1992-12-02,1991-12-03,1994-12-02
Tony Knowles,m016,21.36,17.16,0.2447552447552447,"December 5, 1994","December 2, 2002",9,1994-12-05,2002-12-02,1994-12-01,2002-12-01,1996-12-04,1995-12-05,1998-12-04
Frank Murkowski,m016,36.76,29.42,0.24949014276002704,"December 2, 2002","December 4, 2006",10,2002-12-02,2006-12-04,2002-12-01,2006-12-01,2004-12-01,2003-12-02,2006-12-01
Sarah Palin,m016,105.56,62.03,0.7017572142511688,"December 4, 2006","July 26, 2009",11,2006-12-04,2009-07-26,2006-12-01,2009-08-01,2008-12-03,2007-12-04,2010-12-03
Sean Parnell,m016,84.14,71.06,0.18406980016887134,"July 26, 2009","December 1, 2014",12,2009-07-26,2014-12-01,2009-08-01,2014-12-01,2011-07-26,2010-07-26,2013-07-25
Bill Walker,m016,37.55,59.29,-0.36667228875021085,"December 1, 2014","November 22, 2018",13,2014-12-01,2018-11-22,2014-12-01,2018-12-01,2016-11-30,2015-12-01,2018-11-30
William A. Egan 1,m017,2.97,3,-0.009999999999999934,"January 3, 1959","December 5, 1966",1,1959-01-03,1966-12-05,1959-01-01,1966-12-01,1961-01-02,1960-01-03,1963-01-02
Wally Hickel 1,m017,3.07,2.97,0.03367003367003355,"December 5, 1966","January 29, 1969",2,1966-12-05,1969-01-29,1966-12-01,1969-02-01,1968-12-04,1967-12-05,1970-12-04
Keith Harvey Miller,m017,3.35,3.07,0.09120521172638445,"January 29, 1969","December 7, 1970",3,1969-01-29,1970-12-07,1969-02-01,1970-12-01,1971-01-29,1970-01-29,1973-01-28
William A. Egan 2,m017,3.56,3.56,0,"December 7, 1970","December 2, 1974",4,1970-12-07,1974-12-02,1970-12-01,1974-12-01,1972-12-06,1971-12-07,1974-12-06
Jay Hammond,m017,12.17,11.16,0.09050179211469532,"December 2, 1974","December 6, 1982",5,1974-12-02,1982-12-06,1974-12-01,1982-12-01,1976-12-01,1975-12-02,1978-12-01
Bill Sheffield,m017,30.618,31.72,-0.034741488020176556,"December 6, 1982","December 1, 1986",6,1982-12-06,1986-12-01,1982-12-01,1986-12-01,1984-12-05,1983-12-06,1986-12-05
Steve Cowper,m017,17.875,16.076,0.11190594675292358,"December 1, 1986","December 3, 1990",7,1986-12-01,1990-12-03,1986-12-01,1990-12-01,1988-11-30,1987-12-01,1990-11-30
Wally Hickel 2,m017,20.243,27.337,-0.2595017741522479,"December 3, 1990","December 5, 1994",8,1990-12-03,1994-12-05,1990-12-01,1994-12-01,1992-12-02,1991-12-03,1994-12-02
Tony Knowles,m017,23.57,17.16,0.3735431235431235,"December 5, 1994","December 2, 2002",9,1994-12-05,2002-12-02,1994-12-01,2002-12-01,1996-12-04,1995-12-05,1998-12-04
Frank Murkowski,m017,36.69,29.42,0.24711080897348728,"December 2, 2002","December 4, 2006",10,2002-12-02,2006-12-04,2002-12-01,2006-12-01,2004-12-01,2003-12-02,2006-12-01
Sarah Palin,m017,112.57,62.03,0.8147670482024826,"December 4, 2006","July 26, 2009",11,2006-12-04,2009-07-26,2006-12-01,2009-08-01,2008-12-03,2007-12-04,2010-12-03
Sean Parnell,m017,89.04,71.06,0.25302561215873914,"July 26, 2009","December 1, 2014",12,2009-07-26,2014-12-01,2009-08-01,2014-12-01,2011-07-26,2010-07-26,2013-07-25
Bill Walker,m017,40.75,59.29,-0.31270028672626077,"December 1, 2014","November 22, 2018",13,2014-12-01,2018-11-22,2014-12-01,2018-12-01,2016-11-30,2015-12-01,2018-11-30
William A. Egan 1,m018,2.97,3,-0.009999999999999934,"January 3, 1959","December 5, 1966",1,1959-01-03,1966-12-05,1959-01-01,1966-12-01,1961-01-02,1960-01-03,1963-01-02
Wally Hickel 1,m018,3.07,2.97,0.03367003367003355,"December 5, 1966","January 29, 1969",2,1966-12-05,1969-01-29,1966-12-01,1969-02-01,1968-12-04,1967-12-05,1970-12-04
Keith Harvey Miller,m018,3.31,3.07,0.07817589576547239,"January 29, 1969","December 7, 1970",3,1969-01-29,1970-12-07,1969-02-01,1970-12-01,1971-01-29,1970-01-29,1973-01-28
William A. Egan 2,m018,3.56,3.56,0,"December 7, 1970","December 2, 1974",4,1970-12-07,1974-12-02,1970-12-01,1974-12-01,1972-12-06,1971-12-07,1974-12-06
Jay Hammond,m018,12.17,11.16,0.09050179211469532,"December 2, 1974","December 6, 1982",5,1974-12-02,1982-12-06,1974-12-01,1982-12-01,1976-12-01,1975-12-02,1978-12-01
Bill Sheffield,m018,30.52,31.72,-0.03783102143757879,"December 6, 1982","December 1, 1986",6,1982-12-06,1986-12-01,1982-12-01,1986-12-01,1984-12-05,1983-12-06,1986-12-05
Steve Cowper,m018,17.438,16.076,0.08472256780293595,"December 1, 1986","December 3, 1990",7,1986-12-01,1990-12-03,1986-12-01,1990-12-01,1988-11-30,1987-12-01,1990-11-30
Wally Hickel 2,m018,20.94,27.337,-0.23400519442513804,"December 3, 1990","December 5, 1994",8,1990-12-03,1994-12-05,1990-12-01,1994-12-01,1992-12-02,1991-12-03,1994-12-02
Tony Knowles,m018,21.25,17.16,0.23834498834498832,"December 5, 1994","December 2, 2002",9,1994-12-05,2002-12-02,1994-12-01,2002-12-01,1996-12-04,1995-12-05,1998-12-04
Frank Murkowski,m018,40.28,29.42,0.3691366417403127,"December 2, 2002","December 4, 2006",10,2002-12-02,2006-12-04,2002-12-01,2006-12-01,2004-12-01,2003-12-02,2006-12-01
Sarah Palin,m018,125.39,62.03,1.0214412381105917,"December 4, 2006","July 26, 2009",11,2006-12-04,2009-07-26,2006-12-01,2009-08-01,2008-12-03,2007-12-04,2010-12-03
Sean Parnell,m018,89.42,71.06,0.25837320574162675,"July 26, 2009","December 1, 2014",12,2009-07-26,2014-12-01,2009-08-01,2014-12-01,2011-07-26,2010-07-26,2013-07-25
Bill Walker,m018,46.71,59.29,-0.2121774329566537,"December 1, 2014","November 22, 2018",13,2014-12-01,2018-11-22,2014-12-01,2018-12-01,2016-11-30,2015-12-01,2018-11-30
William A. Egan 1,m019,2.97,3,-0.009999999999999934,"January 3, 1959","December 5, 1966",1,1959-01-03,1966-12-05,1959-01-01,1966-12-01,1961-01-02,1960-01-03,1963-01-02
Wally Hickel 1,m019,3.07,2.97,0.03367003367003355,"December 5, 1966","January 29, 1969",2,1966-12-05,1969-01-29,1966-12-01,1969-02-01,1968-12-04,1967-12-05,1970-12-04
Keith Harvey Miller,m019,3.31,3.07,0.07817589576547239,"January 29, 1969","December 7, 1970",3,1969-01-29,1970-12-07,1969-02-01,1970-12-01,1971-01-29,1970-01-29,1973-01-28
William A. Egan 2,m019,3.56,3.56,0,"December 7, 1970","December 2, 1974",4,1970-12-07,1974-12-02,1970-12-01,1974-12-01,1972-12-06,1971-12-07,1974-12-06
Jay Hammond,m019,12.17,11.16,0.09050179211469532,"December 2, 1974","December 6, 1982",5,1974-12-02,1982-12-06,1974-12-01,1982-12-01,1976-12-01,1975-12-02,1978-12-01
Bill Sheffield,m019,29.967,31.72,-0.05526481715006306,"December 6, 1982","December 1, 1986",6,1982-12-06,1986-12-01,1982-12-01,1986-12-01,1984-12-05,1983-12-06,1986-12-05
Steve Cowper,m019,16.53,16.076,0.028240855934312057,"December 1, 1986","December 3, 1990",7,1986-12-01,1990-12-03,1986-12-01,1990-12-01,1988-11-30,1987-12-01,1990-11-30
Wally Hickel 2,m019,22.375,27.337,-0.18151223616344148,"December 3, 1990","December 5, 1994",8,1990-12-03,1994-12-05,1990-12-01,1994-12-01,1992-12-02,1991-12-03,1994-12-02
Tony Knowles,m019,20.45,17.16,0.19172494172494167,"December 5, 1994","December 2, 2002",9,1994-12-05,2002-12-02,1994-12-01,2002-12-01,1996-12-04,1995-12-05,1998-12-04
Frank Murkowski,m019,38.02,29.42,0.29231815091774305,"December 2, 2002","December 4, 2006",10,2002-12-02,2006-12-04,2002-12-01,2006-12-01,2004-12-01,2003-12-02,2006-12-01
Sarah Palin,m019,133.93,62.03,1.159116556504917,"December 4, 2006","July 26, 2009",11,2006-12-04,2009-07-26,2006-12-01,2009-08-01,2008-12-03,2007-12-04,2010-12-03
Sean Parnell,m019,89.58,71.06,0.2606248240923163,"July 26, 2009","December 1, 2014",12,2009-07-26,2014-12-01,2009-08-01,2014-12-01,2011-07-26,2010-07-26,2013-07-25
Bill Walker,m019,48.76,59.29,-0.17760161916006073,"December 1, 2014","November 22, 2018",13,2014-12-01,2018-11-22,2014-12-01,2018-12-01,2016-11-30,2015-12-01,2018-11-30
William A. Egan 1,m020,2.97,3,-0.009999999999999934,"January 3, 1959","December 5, 1966",1,1959-01-03,1966-12-05,1959-01-01,1966-12-01,1961-01-02,1960-01-03,1963-01-02
Wally Hickel 1,m020,3.07,2.97,0.03367003367003355,"December 5, 1966","January 29, 1969",2,1966-12-05,1969-01-29,1966-12-01,1969-02-01,1968-12-04,1967-12-05,1970-12-04
Keith Harvey Miller,m020,3.31,3.07,0.07817589576547239,"January 29, 1969","December 7, 1970",3,1969-01-29,1970-12-07,1969-02-01,1970-12-01,1971-01-29,1970-01-29,1973-01-28
William A. Egan 2,m020,3.56,3.56,0,"December 7, 1970","December 2, 1974",4,1970-12-07,1974-12-02,1970-12-01,1974-12-01,1972-12-06,1971-12-07,1974-12-06
Jay Hammond,m020,12.17,11.16,0.09050179211469532,"December 2, 1974","December 6, 1982",5,1974-12-02,1982-12-06,1974-12-01,1982-12-01,1976-12-01,1975-12-02,1978-12-01
Bill Sheffield,m020,28.752,31.72,-0.0935687263556116,"December 6, 1982","December 1, 1986",6,1982-12-06,1986-12-01,1982-12-01,1986-12-01,1984-12-05,1983-12-06,1986-12-05
Steve Cowper,m020,15.498,16.076,-0.035954217467031674,"December 1, 1986","December 3, 1990",7,1986-12-01,1990-12-03,1986-12-01,1990-12-01,1988-11-30,1987-12-01,1990-11-30
Wally Hickel 2,m020,21.759,27.337,-0.2040457987343161,"December 3, 1990","December 5, 1994",8,1990-12-03,1994-12-05,1990-12-01,1994-12-01,1992-12-02,1991-12-03,1994-12-02
Tony Knowles,m020,21.32,17.16,0.24242424242424243,"December 5, 1994","December 2, 2002",9,1994-12-05,2002-12-02,1994-12-01,2002-12-01,1996-12-04,1995-12-05,1998-12-04
Frank Murkowski,m020,40.69,29.42,0.3830727396329026,"December 2, 2002","December 4, 2006",10,2002-12-02,2006-12-04,2002-12-01,2006-12-01,2004-12-01,2003-12-02,2006-12-01
Sarah Palin,m020,133.44,62.03,1.1512171529904884,"December 4, 2006","July 26, 2009",11,2006-12-04,2009-07-26,2006-12-01,2009-08-01,2008-12-03,2007-12-04,2010-12-03
Sean Parnell,m020,102.94,71.06,0.44863495637489437,"July 26, 2009","December 1, 2014",12,2009-07-26,2014-12-01,2009-08-01,2014-12-01,2011-07-26,2010-07-26,2013-07-25
Bill Walker,m020,44.65,59.29,-0.2469219092595716,"December 1, 2014","November 22, 2018",13,2014-12-01,2018-11-22,2014-12-01,2018-12-01,2016-11-30,2015-12-01,2018-11-30
William A. Egan 1,m021,2.97,3,-0.009999999999999934,"January 3, 1959","December 5, 1966",1,1959-01-03,1966-12-05,1959-01-01,1966-12-01,1961-01-02,1960-01-03,1963-01-02
Wally Hickel 1,m021,3.07,2.97,0.03367003367003355,"December 5, 1966","January 29, 1969",2,1966-12-05,1969-01-29,1966-12-01,1969-02-01,1968-12-04,1967-12-05,1970-12-04
Keith Harvey Miller,m021,3.31,3.07,0.07817589576547239,"January 29, 1969","December 7, 1970",3,1969-01-29,1970-12-07,1969-02-01,1970-12-01,1971-01-29,1970-01-29,1973-01-28
William A. Egan 2,m021,3.56,3.56,0,"December 7, 1970","December 2, 1974",4,1970-12-07,1974-12-02,1970-12-01,1974-12-01,1972-12-06,1971-12-07,1974-12-06
Jay Hammond,m021,12.17,11.16,0.09050179211469532,"December 2, 1974","December 6, 1982",5,1974-12-02,1982-12-06,1974-12-01,1982-12-01,1976-12-01,1975-12-02,1978-12-01
Bill Sheffield,m021,29.25,31.72,-0.077868852459016355,"December 6, 1982","December 1, 1986",6,1982-12-06,1986-12-01,1982-12-01,1986-12-01,1984-12-05,1983-12-06,1986-12-05
Steve Cowper,m021,15.524,16.076,-0.034336899726300156,"December 1, 1986","December 3, 1990",7,1986-12-01,1990-12-03,1986-12-01,1990-12-01,1988-11-30,1987-12-01,1990-11-30
Wally Hickel 2,m021,21.35,27.337,-0.21900720635036758,"December 3, 1990","December 5, 1994",8,1990-12-03,1994-12-05,1990-12-01,1994-12-01,1992-12-02,1991-12-03,1994-12-02
Tony Knowles,m021,21.96,17.16,0.27972027972027974,"December 5, 1994","December 2, 2002",9,1994-12-05,2002-12-02,1994-12-01,2002-12-01,1996-12-04,1995-12-05,1998-12-04
Frank Murkowski,m021,44.94,29.42,0.5275322909585315,"December 2, 2002","December 4, 2006",10,2002-12-02,2006-12-04,2002-12-01,2006-12-01,2004-12-01,2003-12-02,2006-12-01
Sarah Palin,m021,116.61,62.03,0.8798968241173625,"December 4, 2006","July 26, 2009",11,2006-12-04,2009-07-26,2006-12-01,2009-08-01,2008-12-03,2007-12-04,2010-12-03
Sean Parnell,m021,110.04,71.06,0.5485505206867436,"July 26, 2009","December 1, 2014",12,2009-07-26,2014-12-01,2009-08-01,2014-12-01,2011-07-26,2010-07-26,2013-07-25
Bill Walker,m021,44.72,59.29,-0.2457412717152977,"December 1, 2014","November 22, 2018",13,2014-12-01,2018-11-22,2014-12-01,2018-12-01,2016-11-30,2015-12-01,2018-11-30
William A. Egan 1,m022,2.97,3,-0.009999999999999934,"January 3, 1959","December 5, 1966",1,1959-01-03,1966-12-05,1959-01-01,1966-12-01,1961-01-02,1960-01-03,1963-01-02
Wally Hickel 1,m022,3.07,2.97,0.03367003367003355,"December 5, 1966","January 29, 1969",2,1966-12-05,1969-01-29,1966-12-01,1969-02-01,1968-12-04,1967-12-05,1970-12-04
Keith Harvey Miller,m022,3.31,3.07,0.07817589576547239,"January 29, 1969","December 7, 1970",3,1969-01-29,1970-12-07,1969-02-01,1970-12-01,1971-01-29,1970-01-29,1973-01-28
William A. Egan 2,m022,3.56,3.56,0,"December 7, 1970","December 2, 1974",4,1970-12-07,1974-12-02,1970-12-01,1974-12-01,1972-12-06,1971-12-07,1974-12-06
Jay Hammond,m022,13.9,11.16,0.24551971326164876,"December 2, 1974","December 6, 1982",5,1974-12-02,1982-12-06,1974-12-01,1982-12-01,1976-12-01,1975-12-02,1978-12-01
Bill Sheffield,m022,29.311,31.72,-0.07594577553593944,"December 6, 1982","December 1, 1986",6,1982-12-06,1986-12-01,1982-12-01,1986-12-01,1984-12-05,1983-12-06,1986-12-05
Steve Cowper,m022,14.467,16.076,-0.10008708633988554,"December 1, 1986","December 3, 1990",7,1986-12-01,1990-12-03,1986-12-01,1990-12-01,1988-11-30,1987-12-01,1990-11-30
Wally Hickel 2,m022,21.902,27.337,-0.1988147931375059,"December 3, 1990","December 5, 1994",8,1990-12-03,1994-12-05,1990-12-01,1994-12-01,1992-12-02,1991-12-03,1994-12-02
Tony Knowles,m022,23.99,17.16,0.3980186480186479,"December 5, 1994","December 2, 2002",9,1994-12-05,2002-12-02,1994-12-01,2002-12-01,1996-12-04,1995-12-05,1998-12-04
Frank Murkowski,m022,45.95,29.42,0.561862678450034,"December 2, 2002","December 4, 2006",10,2002-12-02,2006-12-04,2002-12-01,2006-12-01,2004-12-01,2003-12-02,2006-12-01
Sarah Palin,m022,103.9,62.03,0.6749959696920845,"December 4, 2006","July 26, 2009",11,2006-12-04,2009-07-26,2006-12-01,2009-08-01,2008-12-03,2007-12-04,2010-12-03
Sean Parnell,m022,101.33,71.06,0.4259780467210807,"July 26, 2009","December 1, 2014",12,2009-07-26,2014-12-01,2009-08-01,2014-12-01,2011-07-26,2010-07-26,2013-07-25
Bill Walker,m022,45.18,59.29,-0.23798279642435485,"December 1, 2014","November 22, 2018",13,2014-12-01,2018-11-22,2014-12-01,2018-12-01,2016-11-30,2015-12-01,2018-11-30
William A. Egan 1,m023,2.97,3,-0.009999999999999934,"January 3, 1959","December 5, 1966",1,1959-01-03,1966-12-05,1959-01-01,1966-12-01,1961-01-02,1960-01-03,1963-01-02
Wally Hickel 1,m023,3.07,2.97,0.03367003367003355,"December 5, 1966","January 29, 1969",2,1966-12-05,1969-01-29,1966-12-01,1969-02-01,1968-12-04,1967-12-05,1970-12-04
Keith Harvey Miller,m023,3.56,3.07,0.1596091205211727,"January 29, 1969","December 7, 1970",3,1969-01-29,1970-12-07,1969-02-01,1970-12-01,1971-01-29,1970-01-29,1973-01-28
William A. Egan 2,m023,3.56,3.56,0,"December 7, 1970","December 2, 1974",4,1970-12-07,1974-12-02,1970-12-01,1974-12-01,1972-12-06,1971-12-07,1974-12-06
Jay Hammond,m023,13.9,11.16,0.24551971326164876,"December 2, 1974","December 6, 1982",5,1974-12-02,1982-12-06,1974-12-01,1982-12-01,1976-12-01,1975-12-02,1978-12-01
Bill Sheffield,m023,28.765,31.72,-0.09315889029003778,"December 6, 1982","December 1, 1986",6,1982-12-06,1986-12-01,1982-12-01,1986-12-01,1984-12-05,1983-12-06,1986-12-05
Steve Cowper,m023,13.798,16.076,-0.1417019158994775,"December 1, 1986","December 3, 1990",7,1986-12-01,1990-12-03,1986-12-01,1990-12-01,1988-11-30,1987-12-01,1990-11-30
Wally Hickel 2,m023,21.688,27.337,-0.20664301130336177,"December 3, 1990","December 5, 1994",8,1990-12-03,1994-12-05,1990-12-01,1994-12-01,1992-12-02,1991-12-03,1994-12-02
Tony Knowles,m023,24.9,17.16,0.45104895104895093,"December 5, 1994","December 2, 2002",9,1994-12-05,2002-12-02,1994-12-01,2002-12-01,1996-12-04,1995-12-05,1998-12-04
Frank Murkowski,m023,53.13,29.42,0.8059143439836846,"December 2, 2002","December 4, 2006",10,2002-12-02,2006-12-04,2002-12-01,2006-12-01,2004-12-01,2003-12-02,2006-12-01
Sarah Palin,m023,76.65,62.03,0.2356924068998872,"December 4, 2006","July 26, 2009",11,2006-12-04,2009-07-26,2006-12-01,2009-08-01,2008-12-03,2007-12-04,2010-12-03
Sean Parnell,m023,96.29,71.06,0.35505206867435973,"July 26, 2009","December 1, 2014",12,2009-07-26,2014-12-01,2009-08-01,2014-12-01,2011-07-26,2010-07-26,2013-07-25
Bill Walker,m023,49.78,59.29,-0.1603980435149266,"December 1, 2014","November 22, 2018",13,2014-12-01,2018-11-22,2014-12-01,2018-12-01,2016-11-30,2015-12-01,2018-11-30
William A. Egan 1,m024,2.97,3,-0.009999999999999934,"January 3, 1959","December 5, 1966",1,1959-01-03,1966-12-05,1959-01-01,1966-12-01,1961-01-02,1960-01-03,1963-01-02
Wally Hickel 1,m024,3.07,2.97,0.03367003367003355,"December 5, 1966","January 29, 1969",2,1966-12-05,1969-01-29,1966-12-01,1969-02-01,1968-12-04,1967-12-05,1970-12-04
Keith Harvey Miller,m024,3.56,3.07,0.1596091205211727,"January 29, 1969","December 7, 1970",3,1969-01-29,1970-12-07,1969-02-01,1970-12-01,1971-01-29,1970-01-29,1973-01-28
William A. Egan 2,m024,3.56,3.56,0,"December 7, 1970","December 2, 1974",4,1970-12-07,1974-12-02,1970-12-01,1974-12-01,1972-12-06,1971-12-07,1974-12-06
Jay Hammond,m024,13.9,11.16,0.24551971326164876,"December 2, 1974","December 6, 1982",5,1974-12-02,1982-12-06,1974-12-01,1982-12-01,1976-12-01,1975-12-02,1978-12-01
Bill Sheffield,m024,28.098,31.72,-0.11418663303909206,"December 6, 1982","December 1, 1986",6,1982-12-06,1986-12-01,1982-12-01,1986-12-01,1984-12-05,1983-12-06,1986-12-05
Steve Cowper,m024,13.977,16.076,-0.13056730529982583,"December 1, 1986","December 3, 1990",7,1986-12-01,1990-12-03,1986-12-01,1990-12-01,1988-11-30,1987-12-01,1990-11-30
Wally Hickel 2,m024,20.342,27.337,-0.25588030873907164,"December 3, 1990","December 5, 1994",8,1990-12-03,1994-12-05,1990-12-01,1994-12-01,1992-12-02,1991-12-03,1994-12-02
Tony Knowles,m024,23.71,17.16,0.38170163170163174,"December 5, 1994","December 2, 2002",9,1994-12-05,2002-12-02,1994-12-01,2002-12-01,1996-12-04,1995-12-05,1998-12-04
Frank Murkowski,m024,48.46,29.42,0.6471787899388171,"December 2, 2002","December 4, 2006",10,2002-12-02,2006-12-04,2002-12-01,2006-12-01,2004-12-01,2003-12-02,2006-12-01
Sarah Palin,m024,57.44,62.03,-0.07399645332903439,"December 4, 2006","July 26, 2009",11,2006-12-04,2009-07-26,2006-12-01,2009-08-01,2008-12-03,2007-12-04,2010-12-03
Sean Parnell,m024,97.19,71.06,0.36771742189698836,"July 26, 2009","December 1, 2014",12,2009-07-26,2014-12-01,2009-08-01,2014-12-01,2011-07-26,2010-07-26,2013-07-25
Bill Walker,m024,45.66,59.29,-0.2298869961207624,"December 1, 2014","November 22, 2018",13,2014-12-01,2018-11-22,2014-12-01,2018-12-01,2016-11-30,2015-12-01,2018-11-30
